{
  "cumulative_offsets": [
    395,
    615,
    835,
    1055,
    1275,
    1495,
    1715,
    1935,
    2155,
    2375,
    2595,
    2815,
    3035,
    3255,
    3475,
    3695,
    3915,
    4135
  ],
  "relative_displacements_px": [
    220,
    220,
    220,
    220,
    220,
    220,
    220,
    220,
    220,
    220,
    220,
    220,
    220,
    220,
    220,
    220,
    220
  ],
  "relative_displacements_mm": [
    10.936431989063566,
    10.936431989063566,
    10.936431989063566,
    10.936431989063566,
    10.936431989063566,
    10.936431989063566,
    10.936431989063566,
    10.936431989063566,
    10.936431989063566,
    10.936431989063566,
    10.936431989063566,
    10.936431989063566,
    10.936431989063566,
    10.936431989063566,
    10.936431989063566,
    10.936431989063566,
    10.936431989063566
  ],
  "motion_analysis": {
    "pattern": "static_then_penetrating",
    "direction": "penetrating",
    "motion_start": 1,
    "avg_motion": 41.117645263671875,
    "static_frames": 1,
    "motion_frames": 17
  },
  "conversion_factor": {
    "mm_per_pixel": 0.21765417170495768,
    "frame_interval": 10,
    "motion_speed_mm_s": 80.0,
    "video_fps": 73.15
  },
  "statistics": {
    "total_frames": 18,
    "total_displacement_px": 3740.0,
    "total_displacement_mm": 185.91934381408063,
    "max_displacement_px": 220.0,
    "max_displacement_mm": 10.936431989063566,
    "avg_displacement_px": 220.0,
    "avg_displacement_mm": 10.936431989063566,
    "positive_moves": 17,
    "negative_moves": 0,
    "static_moves": 0
  }
}